<manifest><control namespace="trh" constructor="MSGraphUserLookupControl" version="1.0.0" display-name-key="Control_Display_Name_Key" description-key="Control_Description_Key" control-type="standard" api-version="1.3.4"><property name="bound" display-name-key="Bound_Display_Name_Key" description-key="Bound_Description_Key" of-type="SingleLine.Text" usage="bound" required="true" /><property name="env_msalConfig" display-name-key="Env_MsalConfig_Display_Name_Key" description-key="Env_MsalConfig_Description_Key" of-type="SingleLine.Text" usage="input" required="true" /><property name="env_scopes" display-name-key="Env_Scopes_Display_Name_Key" description-key="Env_Scopes_Description_Key" of-type="SingleLine.Text" usage="input" required="true" /><resources><code path="bundle.js" order="1" /><resx path="strings/MSGraphUserLookupControl.1033.resx" version="1.0.0" /></resources><feature-usage><uses-feature name="WebAPI" required="true" /></feature-usage><built-by name="pac" version="1.13.4" /></control></manifest>